source,extId,pmcid,annotations.prefix,annotations.exact,annotations.postfix,annotations.tags.name,annotations.tags.uri,annotations.id,annotations.type,annotations.section,annotations.provider,fullTextIdList,annotations.frequency
MED,30235351,PMC6147580,"AAG ATT GGT TGC GA, ",A. amstelodami, probe: 5’ (FAM) C,A. amstelodami,http://identifiers.org/taxonomy/5054,http://europepmc.org/article/PMC/PMC6147580#europepmc-79025a6cf0d857bd42de40fe1c87439a,Organisms,Methods (http://purl.org/orb/Methods),Europe PMC,PMC6147580,
MED,30235351,PMC6147580,"GCG GCA CCA TGT CT, ",A. amstelodami, R: CTG GTT AAA AAG ,A. amstelodami,http://identifiers.org/taxonomy/5054,http://europepmc.org/article/PMC/PMC6147580#europepmc-9d84e94ff39b60d2480863da8e0d27eb,Organisms,Methods (http://purl.org/orb/Methods),Europe PMC,PMC6147580,
MED,30235351,PMC6147580,ffect levels of E. nigrum or ,A. amstelodami, (Fig 5E). ,A. amstelodami,http://identifiers.org/taxonomy/5054,http://europepmc.org/article/PMC/PMC6147580#europepmc-56a4ad0a8eec7f8859c5a02f41ea943c,Organisms,Results (http://purl.org/orb/Results),Europe PMC,PMC6147580,
MED,34599171,PMC8486750,"erae, T6SS-positive ",A. baumannii, exerted superior ki,A. baumannii,http://identifiers.org/taxonomy/470,http://europepmc.org/article/PMC/PMC8486750#europepmc-c8179aa1e60c5ad7a2e4b3fbe95583f6,Organisms,Results (http://purl.org/orb/Results),Europe PMC,PMC8486750,
MED,34599171,PMC8486750," commensal #10], or ",A. baumannii, [A.b.; strain A118],A. baumannii,http://identifiers.org/taxonomy/470,http://europepmc.org/article/PMC/PMC8486750#europepmc-4682b9275357d7e597ae4a33c7db71c8,Organisms,Results (http://purl.org/orb/Results),Europe PMC,PMC8486750,
MED,34599171,PMC8486750,"um (strain LT2), or ",A. baumannii," (strain A118), whic",A. baumannii,http://identifiers.org/taxonomy/470,http://europepmc.org/article/PMC/PMC8486750#europepmc-f30e21a075b2fd90ec7abfb5887634db,Organisms,Results (http://purl.org/orb/Results),Europe PMC,PMC8486750,
MED,34599171,PMC8486750,"himurium (S.e.), or ",A. baumannii, (A.b.; T6SS-deficie,A. baumannii,http://identifiers.org/taxonomy/470,http://europepmc.org/article/PMC/PMC8486750#europepmc-19811b758384fbcc3423b6e4e8b715e2,Organisms,Results (http://purl.org/orb/Results),Europe PMC,PMC8486750,
MED,34599171,PMC8486750,"10; see above), and ",A. baumannii, (strain A118; Suppl,A. baumannii,http://identifiers.org/taxonomy/470,http://europepmc.org/article/PMC/PMC8486750#europepmc-90fb5537cbe71135123d0b2a98e8a2d3,Organisms,Results (http://purl.org/orb/Results),Europe PMC,PMC8486750,
MED,35342295,PMC8943607,oss reactivity with ,A. fumigatus," in the lung, a know",A. fumigatus,http://identifiers.org/taxonomy/746128,http://europepmc.org/article/PMC/PMC8943607#europepmc-093b8333e2315a8be7d41c17eede0755,Organisms,Article (http://semanticscience.org/resource/SIO_001029),Europe PMC,PMC8943607,
MED,33190643,PMC7667786, to C. albicans and ,A. fumigatus,. Controls: None = u,A. fumigatus,http://identifiers.org/taxonomy/746128,http://europepmc.org/article/PMC/PMC7667786#europepmc-3ca56993bc9cbb6891d147aa365eea0c,Organisms,Supplementary material (http://purl.obolibrary.org/obo/IAO_0000326),Europe PMC,PMC7667786,
MED,33190643,PMC7667786,two C. albicans and ,A. fumigatus, populations shows a,A. fumigatus,http://identifiers.org/taxonomy/746128,http://europepmc.org/article/PMC/PMC7667786#europepmc-0a407876d6f0f1dae0fca4558c11b46d,Organisms,Results (http://purl.org/orb/Results),Europe PMC,PMC7667786,
MED,33190643,PMC7667786,lloma serum against ,A. fumigatus, were significantly ,A. fumigatus,http://identifiers.org/taxonomy/746128,http://europepmc.org/article/PMC/PMC7667786#europepmc-1962eae7659459c6d755116e7c2a74ce,Organisms,Results (http://purl.org/orb/Results),Europe PMC,PMC7667786,
MED,33190643,PMC7667786,nst C. albicans and ,A. fumigatus, in sera from patien,A. fumigatus,http://identifiers.org/taxonomy/746128,http://europepmc.org/article/PMC/PMC7667786#europepmc-361113825d3c2e789eb6c570af85657d,Organisms,Results (http://purl.org/orb/Results),Europe PMC,PMC7667786,
MED,33190643,PMC7667786, of C. albicans and ,A. fumigatus, after overnight (O/,A. fumigatus,http://identifiers.org/taxonomy/746128,http://europepmc.org/article/PMC/PMC7667786#europepmc-50ee65edd89cf1fd576396ac71d4453a,Organisms,Supplementary material (http://purl.obolibrary.org/obo/IAO_0000326),Europe PMC,PMC7667786,
MED,33190643,PMC7667786,s of C. albicans or ,A. fumigatus, showed that low sta,A. fumigatus,http://identifiers.org/taxonomy/746128,http://europepmc.org/article/PMC/PMC7667786#europepmc-b0fd8211633ccbb051582b33ed5154cf,Organisms,Results (http://purl.org/orb/Results),Europe PMC,PMC7667786,
MED,35342295,PMC8943607,"rmodendrum strains, ",A. fumigatus,",70 other Candida st",A. fumigatus,http://identifiers.org/taxonomy/746128,http://europepmc.org/article/PMC/PMC8943607#europepmc-0dd9e3f39757356f5f23511d6eb88786,Organisms,Article (http://semanticscience.org/resource/SIO_001029),Europe PMC,PMC8943607,
MED,33190643,PMC7667786, of C. albicans and ,A. fumigatus, (Fig. 1). Fig. 1Fun,A. fumigatus,http://identifiers.org/taxonomy/746128,http://europepmc.org/article/PMC/PMC7667786#europepmc-ef543bf478918825a1cc753afdcbe7db,Organisms,Results (http://purl.org/orb/Results),Europe PMC,PMC7667786,
MED,28441450,PMC5404834,,A. pomorum, and Lactobacilli are sufficient to redu,A. pomorum,http://identifiers.org/taxonomy/65959,http://europepmc.org/article/PMC/PMC5404834#europepmc-d5890a715a412eb6c57a19a829c3caaf,Organisms,Supplementary material (http://purl.obolibrary.org/obo/IAO_0000326),Europe PMC,PMC5404834,
MED,28441450,PMC5404834,"T (9.04 x 104 CFU), ",A. pomorum," (9.5 x 104 CFU), E.",A. pomorum,http://identifiers.org/taxonomy/65959,http://europepmc.org/article/PMC/PMC5404834#europepmc-f8fcd2bcefddb9b123a3fdb0cc179515,Organisms,Methods (http://purl.org/orb/Methods),Europe PMC,PMC5404834,
MED,28441450,PMC5404834,,A. pomorum, and Lactobacilli are sufficient to modi,A. pomorum,http://identifiers.org/taxonomy/65959,http://europepmc.org/article/PMC/PMC5404834#europepmc-39d995ecccf610bd47300973c490c0c3,Organisms,Results (http://purl.org/orb/Results),Europe PMC,PMC5404834,
MED,28441450,PMC5404834, intestiniA911T and ,A. pomorum, were cultured in a ,A. pomorum,http://identifiers.org/taxonomy/65959,http://europepmc.org/article/PMC/PMC5404834#europepmc-529284680060ca578f6969713e75f013,Organisms,Methods (http://purl.org/orb/Methods),Europe PMC,PMC5404834,
MED,33465156,PMC7846104,"crispatus, L. jensenii, ",A. radioresistens, and C. koseri. ,A. radioresistens,http://identifiers.org/taxonomy/40216,http://europepmc.org/article/PMC/PMC7846104#europepmc-b36fa9ed3cc971608c04eb7c12142dec,Organisms,Supplementary material (http://purl.obolibrary.org/obo/IAO_0000326),Europe PMC,PMC7846104,
MED,33465156,PMC7846104,"osus, L. crispatus, ",A. radioresistens,", and P. anaerobius.",A. radioresistens,http://identifiers.org/taxonomy/40216,http://europepmc.org/article/PMC/PMC7846104#europepmc-b2bf18a6a83d9336f615638f40d01484,Organisms,Supplementary material (http://purl.obolibrary.org/obo/IAO_0000326),Europe PMC,PMC7846104,
MED,31202360,PMC7821737,,A. shahii,,A. shahii,http://identifiers.org/taxonomy/328814,,Organisms,,Europe PMC,PMC7821737,1.0
MED,33374132,PMC7824294,bacteria (including ,Acetobacter, and Komagataeibacte,Acetobacter,http://identifiers.org/taxonomy/434,http://europepmc.org/article/PMC/PMC7824294#europepmc-95f1912ad8d9d821921f7ebf5e2814ad,Organisms,Results (http://purl.org/orb/Results),Europe PMC,PMC7824294,
MED,35814654,PMC9257017,"chia-included data, ",Acetobacter, was depleted both i,Acetobacter,http://identifiers.org/taxonomy/434,http://europepmc.org/article/PMC/PMC9257017#europepmc-8ae43082ec4c39afff3747a3749aabde,Organisms,Results (http://purl.org/orb/Results),Europe PMC,PMC9257017,
MED,35814654,PMC9257017,els mainly included ,Acetobacter,", Gluconacetobacter,",Acetobacter,http://identifiers.org/taxonomy/434,http://europepmc.org/article/PMC/PMC9257017#europepmc-2ea96ea6c0b19f232e611532f499591c,Organisms,Results (http://purl.org/orb/Results),Europe PMC,PMC9257017,
MED,33374132,PMC7824294,irradiated flies in ,Acetobacter,-selective (AS) or M,Acetobacter,http://identifiers.org/taxonomy/434,http://europepmc.org/article/PMC/PMC7824294#europepmc-9db551147f6c7e15e14f5ddd1f38239d,Organisms,Figure (http://semanticscience.org/resource/SIO_000080),Europe PMC,PMC7824294,
MED,33374132,PMC7824294,"of the microbiome), ",Acetobacter," (13.77%), Lactobaci",Acetobacter,http://identifiers.org/taxonomy/434,http://europepmc.org/article/PMC/PMC7824294#europepmc-6c30b666d5bf228c719587de524f6e7a,Organisms,Results (http://purl.org/orb/Results),Europe PMC,PMC7824294,
MED,35814654,PMC9257017,ctobacillus or not. ,Acetobacter, could promote the g,Acetobacter,http://identifiers.org/taxonomy/434,http://europepmc.org/article/PMC/PMC9257017#europepmc-f0ed2df542475e8d91ee8145c8420c3e,Organisms,Discussion (http://purl.org/orb/Discussion),Europe PMC,PMC9257017,
MED,35814654,PMC9257017,urther depletion of ,Acetobacter," by 5,000 ppm of SB,",Acetobacter,http://identifiers.org/taxonomy/434,http://europepmc.org/article/PMC/PMC9257017#europepmc-5325b7f0b18ce2c82463b8b9033e4e1a,Organisms,Discussion (http://purl.org/orb/Discussion),Europe PMC,PMC9257017,
MED,35814654,PMC9257017,"SB (Figure 3D), and ",Acetobacter, was further deplete,Acetobacter,http://identifiers.org/taxonomy/434,http://europepmc.org/article/PMC/PMC9257017#europepmc-467ca6ef928a067e1acefd11715a2599,Organisms,Results (http://purl.org/orb/Results),Europe PMC,PMC9257017,
MED,33374132,PMC7824294,"Sparks, MD, USA) or ",Acetobacter,-selective (AS) medi,Acetobacter,http://identifiers.org/taxonomy/434,http://europepmc.org/article/PMC/PMC7824294#europepmc-0fb5f8ecfe855c8a38253d4410796579,Organisms,Methods (http://purl.org/orb/Methods),Europe PMC,PMC7824294,
MED,33374132,PMC7824294, the proportions of ,Acetobacter, (0.1 Gy 24.81%; 5 G,Acetobacter,http://identifiers.org/taxonomy/434,http://europepmc.org/article/PMC/PMC7824294#europepmc-288f283bfe9350cfee89c9a53099dbbc,Organisms,Results (http://purl.org/orb/Results),Europe PMC,PMC7824294,
MED,35814654,PMC9257017,"gart et al., 2016). ",Acetobacter, increased triglycer,Acetobacter,http://identifiers.org/taxonomy/434,http://europepmc.org/article/PMC/PMC9257017#europepmc-8d278602a55838ce4b53dc73b1cbd1b0,Organisms,Discussion (http://purl.org/orb/Discussion),Europe PMC,PMC9257017,
MED,35814654,PMC9257017,served a decreased abundance in ,Acetobacter, by SB. ,Acetobacter,http://identifiers.org/taxonomy/434,http://europepmc.org/article/PMC/PMC9257017#europepmc-64ad72850d1405bd8e3ea021135eb0d0,Organisms,Discussion (http://purl.org/orb/Discussion),Europe PMC,PMC9257017,
MED,33465156,PMC7846104,us; Proteobacteria: ,Acinetobacter radioresistens,) were able to rescu,Acinetobacter radioresistens,http://identifiers.org/taxonomy/40216,http://europepmc.org/article/PMC/PMC7846104#europepmc-1aa9179cd6fd7215d519d0ae1e6bd633,Organisms,Results (http://purl.org/orb/Results),Europe PMC,PMC7846104,
MED,33190643,PMC7667786,ved for Candida and ,Acremonium,", whereas the lowest",Acremonium,http://identifiers.org/taxonomy/159075,http://europepmc.org/article/PMC/PMC7667786#europepmc-07b9ce3e38ba68b80e1e30f21f806fe8,Organisms,Results (http://purl.org/orb/Results),Europe PMC,PMC7667786,
MED,33190643,PMC7667786,"us, for Candida and ",Acremonium,", the IgG ratio betw",Acremonium,http://identifiers.org/taxonomy/159075,http://europepmc.org/article/PMC/PMC7667786#europepmc-b96d96bc9a0dc111eded5b0e6b75ada0,Organisms,Results (http://purl.org/orb/Results),Europe PMC,PMC7667786,
MED,33190643,PMC7667786,ble for Fusarium and ,Acremonium, (data not shown). ,Acremonium,http://identifiers.org/taxonomy/159075,http://europepmc.org/article/PMC/PMC7667786#europepmc-b16498132bb3ffd1295586a470de4d76,Organisms,Results (http://purl.org/orb/Results),Europe PMC,PMC7667786,
MED,33190643,PMC7667786,"f Candida, Aspergillus, ",Acremonium,", and Fusarium. ",Acremonium,http://identifiers.org/taxonomy/159075,http://europepmc.org/article/PMC/PMC7667786#europepmc-cf604763d83334f1c3a2120cca50e7ed,Organisms,Results (http://purl.org/orb/Results),Europe PMC,PMC7667786,
MED,33190643,PMC7667786,"nses from Fusarium, ",Acremonium,", Rhodotorula, and T",Acremonium,http://identifiers.org/taxonomy/159075,http://europepmc.org/article/PMC/PMC7667786#europepmc-1f123fef1b14cec2bcd6cf9389fd7ab8,Organisms,Results (http://purl.org/orb/Results),Europe PMC,PMC7667786,
MED,33190643,PMC7667786,"ryomyces, Fusarium, ",Acremonium,", Cladosporium, and ",Acremonium,http://identifiers.org/taxonomy/159075,http://europepmc.org/article/PMC/PMC7667786#europepmc-11d22e6d4b579cb04e5588549143b0f8,Organisms,Discussion (http://purl.org/orb/Discussion),Europe PMC,PMC7667786,
MED,33190643,PMC7667786,"Fusarium oxysporum, ",Acremonium sclerotigenum,", Cladosporium clado",Acremonium sclerotigenum,http://identifiers.org/taxonomy/261921,http://europepmc.org/article/PMC/PMC7667786#europepmc-821fe410ab752e0fce7b35bfc366de06,Organisms,Methods (http://purl.org/orb/Methods),Europe PMC,PMC7667786,
MED,31448244,PMC6692492,n Streptococcus and ,Actinobacillus, in common and all u,Actinobacillus,http://identifiers.org/taxonomy/713,http://europepmc.org/article/PMC/PMC6692492#europepmc-7efa289e6f623506784972421e452e14,Organisms,Discussion (http://purl.org/orb/Discussion),Europe PMC,PMC6692492,
MED,31448244,PMC6692492,", Streptococcus and ",Actinobacillus, were previously sho,Actinobacillus,http://identifiers.org/taxonomy/713,http://europepmc.org/article/PMC/PMC6692492#europepmc-37fd070621ddbfbdaaf6be0314f85274,Organisms,Discussion (http://purl.org/orb/Discussion),Europe PMC,PMC6692492,
MED,31333675,PMC6620863,"Proteobacteria, and ",Actinobacteria, and a higher abunda,Actinobacteria,http://identifiers.org/taxonomy/1760,http://europepmc.org/article/PMC/PMC6620863#europepmc-6773f51f8c1069b6cc4f2de4284b2278,Organisms,Article (http://semanticscience.org/resource/SIO_001029),Europe PMC,PMC6620863,
MED,33465156,PMC7846104,rophage activators (,Actinobacteria,: Bifidobacterium br,Actinobacteria,http://identifiers.org/taxonomy/1760,http://europepmc.org/article/PMC/PMC7846104#europepmc-f0a8b0de1c23d185c9d8d8b1a9b08e2e,Organisms,Results (http://purl.org/orb/Results),Europe PMC,PMC7846104,
MED,33465156,PMC7846104, (HIGH STIMULATORS: ,Actinobacteria,: Bifidobacterium ad,Actinobacteria,http://identifiers.org/taxonomy/1760,http://europepmc.org/article/PMC/PMC7846104#europepmc-8690d8f4452f81acea5816d28bea4cd0,Organisms,Results (http://purl.org/orb/Results),Europe PMC,PMC7846104,
MED,35291651,PMC8901697,aceae families) and ,Actinobacteria, (Bifidobacteriaceae,Actinobacteria,http://identifiers.org/taxonomy/1760,http://europepmc.org/article/PMC/PMC8901697#europepmc-1ad4af36c53e3ed2b1e8a0e78ac9185e,Organisms,Article (http://semanticscience.org/resource/SIO_001029),Europe PMC,PMC8901697,
MED,35814654,PMC9257017," Bacteroidetes, and ",Actinobacteria,", which were consist",Actinobacteria,http://identifiers.org/taxonomy/1760,http://europepmc.org/article/PMC/PMC9257017#europepmc-7aec4c723adb7d01ca85dfb4d329082a,Organisms,Results (http://purl.org/orb/Results),Europe PMC,PMC9257017,
MED,33465156,PMC7846104,rs from each phyla (,Actinobacteria,: Bifidobacterium ad,Actinobacteria,http://identifiers.org/taxonomy/1760,http://europepmc.org/article/PMC/PMC7846104#europepmc-1b317770faa43f4c5f8a670e2d391a20,Organisms,Results (http://purl.org/orb/Results),Europe PMC,PMC7846104,
MED,33465156,PMC7846104,th species from the ,Actinobacteria, and Proteobacteria ,Actinobacteria,http://identifiers.org/taxonomy/1760,http://europepmc.org/article/PMC/PMC7846104#europepmc-2a5a9af074bd2ee03a5a29d538bb148b,Organisms,Introduction (http://purl.org/orb/Introduction),Europe PMC,PMC7846104,
MED,33374132,PMC7824294,", Coriobacteriales (",Actinobacteria,"), Verrucomicrobiale",Actinobacteria,http://identifiers.org/taxonomy/1760,http://europepmc.org/article/PMC/PMC7824294#europepmc-b29037f3e941cbf219a18b20af888496,Organisms,Discussion (http://purl.org/orb/Discussion),Europe PMC,PMC7824294,
MED,33465156,PMC7846104,) (LOW STIMULATORS: ,Actinobacteria,: Bifidobacterium br,Actinobacteria,http://identifiers.org/taxonomy/1760,http://europepmc.org/article/PMC/PMC7846104#europepmc-22939f870c10510abce19ba527c78eb2,Organisms,Results (http://purl.org/orb/Results),Europe PMC,PMC7846104,
MED,33465156,PMC7846104,"idetes, Firmicutes, ",Actinobacteria, and Proteobacteria[,Actinobacteria,http://identifiers.org/taxonomy/1760,http://europepmc.org/article/PMC/PMC7846104#europepmc-e4abba0ce5a1f30b328e0c4115201900,Organisms,Results (http://purl.org/orb/Results),Europe PMC,PMC7846104,
MED,31202360,PMC7821737,,Actinobacteria,,Actinobacteria,http://identifiers.org/taxonomy/1760,,Organisms,,Europe PMC,PMC7821737,1.0
MED,32845827,PMC7643975,belong to the phyla ,Actinobacteria,", Bacteroidetes, Fir",Actinobacteria,http://identifiers.org/taxonomy/1760,http://europepmc.org/article/PMC/PMC7643975#europepmc-bb0346b314c32df62acc767917b48bef,Organisms,Introduction (http://purl.org/orb/Introduction),Europe PMC,PMC7643975,
MED,33374132,PMC7824294,"d Leuconostoc), and ",Actinobacteria, (including Propioni,Actinobacteria,http://identifiers.org/taxonomy/1760,http://europepmc.org/article/PMC/PMC7824294#europepmc-aa8c3bd679d91890549c13bb92df5d47,Organisms,Results (http://purl.org/orb/Results),Europe PMC,PMC7824294,
MED,33465156,PMC7846104,he human intestine (,Actinobacteria,", Bacteroidetes, Fir",Actinobacteria,http://identifiers.org/taxonomy/1760,http://europepmc.org/article/MED/33465156#europepmc-93fa6b860d2cbd096c56f8697a41ce45,Organisms,Abstract (http://purl.org/dc/terms/abstract),Europe PMC,PMC7846104,
MED,35291651,PMC8901697,bacteria belonging to the ,Actinobacteria, phylum (67). ,Actinobacteria,http://identifiers.org/taxonomy/1760,http://europepmc.org/article/PMC/PMC8901697#europepmc-650c6a46cbf6b75f03320fe6df330ab4,Organisms,Article (http://semanticscience.org/resource/SIO_001029),Europe PMC,PMC8901697,
MED,29593104,PMC5918293,,Actinobacteria,,Actinobacteria,http://identifiers.org/taxonomy/1760,,Organisms,,Europe PMC,PMC5918293,1.0
MED,34858414,PMC8632219,"idetes, Firmicutes, ",Actinobacteria,", Proteobacteria, an",Actinobacteria,http://identifiers.org/taxonomy/1760,http://europepmc.org/article/PMC/PMC8632219#europepmc-416a44f7a9c424d142a82292beff476c,Organisms,Article (http://semanticscience.org/resource/SIO_001029),Europe PMC,PMC8632219,
MED,29593104,PMC5918293,,Actinomyces,,Actinomyces,http://identifiers.org/taxonomy/1654,,Organisms,,Europe PMC,PMC5918293,1.0
MED,35174108,PMC8842722,"., Dermabacter; A., ",Actinomyces,"; M., Micrococcus; R",Actinomyces,http://identifiers.org/taxonomy/1654,http://europepmc.org/article/PMC/PMC8842722#europepmc-28000aee696bf2f4d97e76d95a7d157d,Organisms,Results (http://purl.org/orb/Results),Europe PMC,PMC8842722,
MED,29593104,PMC5918293,,Actinomyces massiliensis,,Actinomyces massiliensis,http://identifiers.org/taxonomy/461393,,Organisms,,Europe PMC,PMC5918293,1.0
MED,34180341,PMC8244777,le the expulsion of ,Aeromonas veronii, in a zebrafish colo,Aeromonas veronii,http://identifiers.org/taxonomy/654,http://europepmc.org/article/PMC/PMC8244777#europepmc-bab2a1cfe4fc485c1bb79706f3eb6dac,Organisms,Article (http://semanticscience.org/resource/SIO_001029),Europe PMC,PMC8244777,
MED,32370286,PMC7345648,"ding P. gingivalis, ",Aggregatibacter actinomycetemcomitans,", and Prevotella int",Aggregatibacter actinomycetemcomitans,http://identifiers.org/taxonomy/714,http://europepmc.org/article/PMC/PMC7345648#europepmc-acde900658080e318c798d92c0f8f6c1,Organisms,Discussion (http://purl.org/orb/Discussion),Europe PMC,PMC7345648,
MED,32845827,PMC7643975,milar to VirB/D in  ,Agrobacterium tumefaciens,  (i.e. VirB9 1e-42 ,Agrobacterium tumefaciens,http://identifiers.org/taxonomy/358,http://europepmc.org/article/PMC/PMC7643975#europepmc-54479317a988e77ff93854ac97d0a710,Organisms,Results (http://purl.org/orb/Results),Europe PMC,PMC7643975,
MED,31333675,PMC6620863,lum Firmicutes) and ,Akkermansia, (phylum Verrucomicr,Akkermansia,http://identifiers.org/taxonomy/239934,http://europepmc.org/article/PMC/PMC6620863#europepmc-124fcbab870cbb0aa676b3e3c85b12e2,Organisms,Article (http://semanticscience.org/resource/SIO_001029),Europe PMC,PMC6620863,
MED,30524431,PMC6256970,ecently delineated. ,Akkermansia, and other gut micro,Akkermansia,http://identifiers.org/taxonomy/239934,http://europepmc.org/article/PMC/PMC6256970#europepmc-7f424e52c6036c45b9924cde0fe58e58,Organisms,Article (http://semanticscience.org/resource/SIO_001029),Europe PMC,PMC6256970,
MED,31202360,PMC7821737,,Akkermansia,,Akkermansia,http://identifiers.org/taxonomy/239934,,Organisms,,Europe PMC,PMC7821737,1.0
MED,35291651,PMC8901697,Introduction of ,Akkermansia muciniphila, into gnotobiotic mice c,Akkermansia muciniphila,http://identifiers.org/taxonomy/239935,http://europepmc.org/article/PMC/PMC8901697#europepmc-8588638cc6fb4ada22bec515c2937352,Organisms,Article (http://semanticscience.org/resource/SIO_001029),Europe PMC,PMC8901697,
MED,34180341,PMC8244777,"ifidobacterium, and ",Akkermansia muciniphila,".159,184,185 Thus, t",Akkermansia muciniphila,http://identifiers.org/taxonomy/239935,http://europepmc.org/article/PMC/PMC8244777#europepmc-c1e90d89f4c7c2dde778bbea6b3c0b12,Organisms,Article (http://semanticscience.org/resource/SIO_001029),Europe PMC,PMC8244777,
MED,35342295,PMC8943607,"ies, an increase in ",Akkermansia muciniphila, and Acinetobacter c,Akkermansia muciniphila,http://identifiers.org/taxonomy/239935,http://europepmc.org/article/PMC/PMC8943607#europepmc-10f660f3a6e737fbc033fdbd36ef9212,Organisms,Article (http://semanticscience.org/resource/SIO_001029),Europe PMC,PMC8943607,
MED,33807734,PMC8001086,"um breve (Bb15700), ",Akkermansia muciniphila," (AmBAA-835), Fusoba",Akkermansia muciniphila,http://identifiers.org/taxonomy/239935,http://europepmc.org/article/PMC/PMC8001086#europepmc-a3fbec36a5dd78a6f10ee3015eb80d05,Organisms,Methods (http://purl.org/orb/Methods),Europe PMC,PMC8001086,
MED,31202360,PMC7821737,,Akkermansia muciniphila,,Akkermansia muciniphila,http://identifiers.org/taxonomy/239935,,Organisms,,Europe PMC,PMC7821737,2.0
MED,33807734,PMC8001086,"um breve (Bb15700), ",Akkermansia muciniphila," (AmBAA-835), Fusoba",Akkermansia muciniphila,http://identifiers.org/taxonomy/239935,http://europepmc.org/article/PMC/PMC8001086#europepmc-a3fbec36a5dd78a6f10ee3015eb80d05,Organisms,Results (http://purl.org/orb/Results),Europe PMC,PMC8001086,
MED,32370286,PMC7345648,y demonstrates that ,Akkermansia muciniphila, from the gut decrea,Akkermansia muciniphila,http://identifiers.org/taxonomy/239935,http://europepmc.org/article/PMC/PMC7345648#europepmc-014779e8c4ef8699980722c9b79c68cb,Organisms,Discussion (http://purl.org/orb/Discussion),Europe PMC,PMC7345648,
MED,31555282,PMC6724641,"es, Prevotella, and ",Alistipes,", while Lactobacillu",Alistipes,http://identifiers.org/taxonomy/239759,http://europepmc.org/article/PMC/PMC6724641#europepmc-b62f5ff545d6c1719cfed43089274e50,Organisms,Article (http://semanticscience.org/resource/SIO_001029),Europe PMC,PMC6724641,
MED,31333675,PMC6620863,omitant decrease in ,Alistipes,", Bacteroides, Asacc",Alistipes,http://identifiers.org/taxonomy/239759,http://europepmc.org/article/PMC/PMC6620863#europepmc-afd204f19807638d0fafd644623a99b0,Organisms,Article (http://semanticscience.org/resource/SIO_001029),Europe PMC,PMC6620863,
MED,31202360,PMC7821737,,Alistipes,,Alistipes,http://identifiers.org/taxonomy/239759,,Organisms,,Europe PMC,PMC7821737,3.0
MED,34180341,PMC8244777,"ophila wadsworthia, ",Alistipes putredinis,", and Bacteroides sp",Alistipes putredinis,http://identifiers.org/taxonomy/28117,http://europepmc.org/article/PMC/PMC8244777#europepmc-4cbea3103e35937549c8d04bfeae734b,Organisms,Article (http://semanticscience.org/resource/SIO_001029),Europe PMC,PMC8244777,
MED,35291651,PMC8901697, mixture along with ,Alistipes senegalensis,", Paraprevotella xyl",Alistipes senegalensis,http://identifiers.org/taxonomy/1288121,http://europepmc.org/article/PMC/PMC8901697#europepmc-41f8515e8d423bbccfcc61bb08daa8b9,Organisms,Article (http://semanticscience.org/resource/SIO_001029),Europe PMC,PMC8901697,
MED,35291651,PMC8901697,Monocolonization of ,Alistipes shahii, in antibiotics-trea,Alistipes shahii,http://identifiers.org/taxonomy/328814,http://europepmc.org/article/PMC/PMC8901697#europepmc-acd2be8dff3010efee43b605f582f528,Organisms,Article (http://semanticscience.org/resource/SIO_001029),Europe PMC,PMC8901697,
MED,31552006,PMC6747052,coccal species (Águila-,Arcos," et al., 2017). ",Arcos,http://identifiers.org/taxonomy/181473,http://europepmc.org/article/PMC/PMC6747052#europepmc-c0ecd1a461aef2e8b7c26e1a55dc3f35,Organisms,Discussion (http://purl.org/orb/Discussion),Europe PMC,PMC6747052,
MED,31333675,PMC6620863,"tipes, Bacteroides, ",Asaccharobacter,", Parabacteroides, B",Asaccharobacter,http://identifiers.org/taxonomy/553372,http://europepmc.org/article/PMC/PMC6620863#europepmc-fa5797cd8463c098e0556affb066b702,Organisms,Article (http://semanticscience.org/resource/SIO_001029),Europe PMC,PMC6620863,
MED,34858414,PMC8632219,o of Basidiomycetes/,Ascomycetes," increases, the rati",Ascomycetes,http://identifiers.org/taxonomy/4890,http://europepmc.org/article/PMC/PMC8632219#europepmc-c40c88493a184f6c7333036f4246326f,Organisms,Article (http://semanticscience.org/resource/SIO_001029),Europe PMC,PMC8632219,
MED,33190643,PMC7667786,two main divisions; ,Ascomycota, and Basidiomycota. ,Ascomycota,http://identifiers.org/taxonomy/4890,http://europepmc.org/article/MED/33190643#europepmc-b77b5fa9aae95741f19466bad67e2f32,Organisms,Abstract (http://purl.org/dc/terms/abstract),Europe PMC,PMC7667786,
MED,33190643,PMC7667786, two main divisions ,Ascomycota, and Basidiomycota a,Ascomycota,http://identifiers.org/taxonomy/4890,http://europepmc.org/article/PMC/PMC7667786#europepmc-7778b26fff66e46cc2d6c32950f45eb4,Organisms,Results (http://purl.org/orb/Results),Europe PMC,PMC7667786,
MED,33190643,PMC7667786,"the two main Phyla, ",Ascomycota, and Basidiomycota. ,Ascomycota,http://identifiers.org/taxonomy/4890,http://europepmc.org/article/PMC/PMC7667786#europepmc-f415c743a881f908b6eadf6a46f7b57c,Organisms,Discussion (http://purl.org/orb/Discussion),Europe PMC,PMC7667786,
MED,33190643,PMC7667786,owest were for Fusarium and ,Aspergillus, (Fig. 4b). ,Aspergillus,http://identifiers.org/taxonomy/5052,http://europepmc.org/article/PMC/PMC7667786#europepmc-0cb9e2169490cefda2d0121c042e052a,Organisms,Results (http://purl.org/orb/Results),Europe PMC,PMC7667786,
MED,30235351,PMC6147580,hen inhaled such as ,Aspergillus,", Cladosporium, Peni",Aspergillus,http://identifiers.org/taxonomy/5052,http://europepmc.org/article/PMC/PMC6147580#europepmc-e17bdf8508f0b76a29bec26fb15f5cda,Organisms,Introduction (http://purl.org/orb/Introduction),Europe PMC,PMC6147580,
MED,33190643,PMC7667786,icillium showed higher responses than ,Aspergillus,. ,Aspergillus,http://identifiers.org/taxonomy/5052,http://europepmc.org/article/PMC/PMC7667786#europepmc-f820d076a3c011e4f1759b37ea95fc37,Organisms,Results (http://purl.org/orb/Results),Europe PMC,PMC7667786,
MED,30235351,PMC6147580,such as Candida and ,Aspergillus,. Wallemia spp. are ,Aspergillus,http://identifiers.org/taxonomy/5052,http://europepmc.org/article/PMC/PMC6147580#europepmc-5c83c19ad998f1fd4aed905508f90649,Organisms,Introduction (http://purl.org/orb/Introduction),Europe PMC,PMC6147580,
MED,33190643,PMC7667786,"d forms of Candida, ",Aspergillus,", Acremonium, and Fu",Aspergillus,http://identifiers.org/taxonomy/5052,http://europepmc.org/article/PMC/PMC7667786#europepmc-434c09d3ce03fcd0b0858f9413142cce,Organisms,Results (http://purl.org/orb/Results),Europe PMC,PMC7667786,
MED,33190643,PMC7667786,"eromyces, Cryptococcus, and ",Aspergillus,) (Fig. 6). ,Aspergillus,http://identifiers.org/taxonomy/5052,http://europepmc.org/article/PMC/PMC7667786#europepmc-bba9c73d0d937d161f1d4db525fa68d7,Organisms,Results (http://purl.org/orb/Results),Europe PMC,PMC7667786,
MED,31555282,PMC6724641,"ida, Saccharomyces, ",Aspergillus,", Cryptococcus, Mala",Aspergillus,http://identifiers.org/taxonomy/5052,http://europepmc.org/article/PMC/PMC6724641#europepmc-861dd6819595fa30799d1989a39307a8,Organisms,Article (http://semanticscience.org/resource/SIO_001029),Europe PMC,PMC6724641,
MED,30235351,PMC6147580,"from Wallemia spp., ",Aspergillus," spp., and Epicoccum",Aspergillus,http://identifiers.org/taxonomy/5052,http://europepmc.org/article/PMC/PMC6147580#europepmc-326c9825f799983b26bb63bdb83eecbf,Organisms,Results (http://purl.org/orb/Results),Europe PMC,PMC6147580,
MED,33190643,PMC7667786,ereas the ratio for ,Aspergillus, and Fusarium ranged,Aspergillus,http://identifiers.org/taxonomy/5052,http://europepmc.org/article/PMC/PMC7667786#europepmc-7173f706f9210aefd757bfefb5948ab6,Organisms,Results (http://purl.org/orb/Results),Europe PMC,PMC7667786,
MED,33190643,PMC7667786,", Cryptococcus, and ",Aspergillus,". b, c Analysis of a",Aspergillus,http://identifiers.org/taxonomy/5052,http://europepmc.org/article/PMC/PMC7667786#europepmc-a33feabd7a52a40ef8dae24fe7c975de,Organisms,Results (http://purl.org/orb/Results),Europe PMC,PMC7667786,
MED,30235351,PMC6147580,"ance; specifically, ",Aspergillus," amsteoldami, Wallem",Aspergillus,http://identifiers.org/taxonomy/5052,http://europepmc.org/article/PMC/PMC6147580#europepmc-44be7adf26b85b9d720961d71920f76d,Organisms,Introduction (http://purl.org/orb/Introduction),Europe PMC,PMC6147580,
MED,33465156,PMC7846104,"ilyticus, B. dorei, ",B. caccae,", W. cibaria, E. fae",B. caccae,http://identifiers.org/taxonomy/47678,http://europepmc.org/article/PMC/PMC7846104#europepmc-0c1b95b0a57fa818252f325ccfe93b54,Organisms,Supplementary material (http://purl.obolibrary.org/obo/IAO_0000326),Europe PMC,PMC7846104,
MED,33465156,PMC7846104,". thetaiotaomicron, ",B. caccae,", E. faecium, E. fae",B. caccae,http://identifiers.org/taxonomy/47678,http://europepmc.org/article/PMC/PMC7846104#europepmc-e9dff1f2d077f5bf547d292ac44a2161,Organisms,Supplementary material (http://purl.obolibrary.org/obo/IAO_0000326),Europe PMC,PMC7846104,
MED,35291651,PMC8901697, non-responders and ,B. caccae, was enriched in the,B. caccae,http://identifiers.org/taxonomy/47678,http://europepmc.org/article/PMC/PMC8901697#europepmc-ddd6e0c840218f59e1ffec411312b361,Organisms,Article (http://semanticscience.org/resource/SIO_001029),Europe PMC,PMC8901697,
MED,33465156,PMC7846104,CTGCCCTATGGGT-3’; ,B. cellulosilyticus, reverse 5’-CTGCAC,B. cellulosilyticus,http://identifiers.org/taxonomy/246787,http://europepmc.org/article/PMC/PMC7846104#europepmc-86c658b4573c049c3f3c063a06d56be1,Organisms,Methods (http://purl.org/orb/Methods),Europe PMC,PMC7846104,
MED,33465156,PMC7846104,CAGTTCCAATGTG-3’. ,B. cellulosilyticus, forward 5’-AGGATG,B. cellulosilyticus,http://identifiers.org/taxonomy/246787,http://europepmc.org/article/PMC/PMC7846104#europepmc-9159c47a8883727cfdbbadc6efcfd622,Organisms,Methods (http://purl.org/orb/Methods),Europe PMC,PMC7846104,
MED,32179626,PMC7221253,,B. cereus,,B. cereus,http://identifiers.org/taxonomy/1396,,Organisms,,Europe PMC,PMC7221253,1.0
MED,33465156,PMC7846104,GACAACCATGCAG-3’. ,B. dorei, forward 5’-GGAAAC,B. dorei,http://identifiers.org/taxonomy/357276,http://europepmc.org/article/PMC/PMC7846104#europepmc-3b8496b1b484df8ac9ad36713cbc842e,Organisms,Methods (http://purl.org/orb/Methods),Europe PMC,PMC7846104,
MED,33465156,PMC7846104,"B.cellulosilyticus, ",B. dorei,", B. caccae, W. ciba",B. dorei,http://identifiers.org/taxonomy/357276,http://europepmc.org/article/PMC/PMC7846104#europepmc-2d83e23d8042e20535467133ecb5742a,Organisms,Supplementary material (http://purl.obolibrary.org/obo/IAO_0000326),Europe PMC,PMC7846104,
MED,33465156,PMC7846104,TCAGCTAGCAATA-3’; ,B. dorei, reverse 5’-AGTCTT,B. dorei,http://identifiers.org/taxonomy/357276,http://europepmc.org/article/PMC/PMC7846104#europepmc-47468727d9f1534b8ca7482f12b00522,Organisms,Methods (http://purl.org/orb/Methods),Europe PMC,PMC7846104,
MED,28687194,PMC6983950,,B. fragilis,,B. fragilis,http://identifiers.org/taxonomy/817,,Organisms,,Europe PMC,PMC6983950,1.0
MED,35291651,PMC8901697,A (PSA) produced by ,B. fragilis, directly stimulates,B. fragilis,http://identifiers.org/taxonomy/817,http://europepmc.org/article/PMC/PMC8901697#europepmc-87df7aeb6a4b8bc031ca4bcdb4078c82,Organisms,Article (http://semanticscience.org/resource/SIO_001029),Europe PMC,PMC8901697,
MED,35291651,PMC8901697,hetaiotaomicron and ,B. fragilis, into antibiotics-tr,B. fragilis,http://identifiers.org/taxonomy/817,http://europepmc.org/article/PMC/PMC8901697#europepmc-7fc16fa69f06025a78cf3746ad49b2ae,Organisms,Article (http://semanticscience.org/resource/SIO_001029),Europe PMC,PMC8901697,
MED,35291651,PMC8901697,daptive transfer of ,B. fragilis,-specific memory Th1,B. fragilis,http://identifiers.org/taxonomy/817,http://europepmc.org/article/PMC/PMC8901697#europepmc-79286b431532105e7597f0326a1f8213,Organisms,Article (http://semanticscience.org/resource/SIO_001029),Europe PMC,PMC8901697,
MED,31555282,PMC6724641,d cluster XVIII and ,B. fragilis, have been reported ,B. fragilis,http://identifiers.org/taxonomy/817,http://europepmc.org/article/PMC/PMC6724641#europepmc-2e002363767fd6231f52661ca71474bf,Organisms,Article (http://semanticscience.org/resource/SIO_001029),Europe PMC,PMC6724641,
MED,28500047,PMC5502416,"ecalis, E. cloacae, ",B. fragilis,", or C. difficile re",B. fragilis,http://identifiers.org/taxonomy/817,http://europepmc.org/article/PMC/PMC5502416#europepmc-4720c0cc73721e7ca1645b37c8a18378,Organisms,Results (http://purl.org/orb/Results),Europe PMC,PMC5502416,
MED,28500047,PMC5502416,"oacae, E. faecalis, ",B. fragilis,", or C. difficile re",B. fragilis,http://identifiers.org/taxonomy/817,http://europepmc.org/article/PMC/PMC5502416#europepmc-e34592599268c89f4665d70b4ff1f9e6,Organisms,Results (http://purl.org/orb/Results),Europe PMC,PMC5502416,
MED,28500047,PMC5502416, B cells recognized ,B. fragilis, that belongs to thi,B. fragilis,http://identifiers.org/taxonomy/817,http://europepmc.org/article/PMC/PMC5502416#europepmc-054b44fef4b6c5a60e581b3aea560c55,Organisms,Discussion (http://purl.org/orb/Discussion),Europe PMC,PMC5502416,
MED,31202360,PMC7821737,,B. fragilis,,B. fragilis,http://identifiers.org/taxonomy/817,,Organisms,,Europe PMC,PMC7821737,5.0
MED,26320660,PMC4575282,,B. fragilis,,B. fragilis,http://identifiers.org/taxonomy/817,,Organisms,,Europe PMC,PMC4575282,1.0
MED,35291651,PMC8901697,ctive to B. thetaiotaomicron and ,B. fragilis, (62). ,B. fragilis,http://identifiers.org/taxonomy/817,http://europepmc.org/article/PMC/PMC8901697#europepmc-0a9ab073713f02352314f871ee1b7e9b,Organisms,Article (http://semanticscience.org/resource/SIO_001029),Europe PMC,PMC8901697,
